test_amount,MAP_10,MAP_25,Prec_10,Prec_25,NDCG_10,NDCG_25
25,0.01217,0.01070,0.02695,0.02329,0.03219,0.03813
