test_amount,MAP_10,MAP_25,Prec_10,Prec_25,NDCG_10,NDCG_25
25,0.00150,0.00240,0.00505,0.00557,0.00528,0.01134
