test_amount,MAP_10,MAP_25,Prec_10,Prec_25,NDCG_10,NDCG_25
25,0.01161,0.01038,0.02415,0.02262,0.02981,0.03649
