max_dist,min_dist,max_init,min_init,div_factor_distances,div_factor_all_ratings
1.6754151607859658,0.04096638990734741,200.0,1.0,0.9169090321623588,201.24770055970149
