max_dist,min_dist,max_init,min_init,div_factor_distances,div_factor_all_ratings
1.5441822035951587,0.09776998107803854,200.0,1.0,0.9064792905367687,201.24770055970149
