max_dist,min_dist,max_init,min_init,div_factor_distances,div_factor_all_ratings
1.5153405049361017,0.09285093645192811,200.0,1.0,1.2926054022552285,201.0
