max_dist,min_dist,max_init,min_init,div_factor_distances,div_factor_all_ratings
1.6336178665442422,0.0747991120006293,200.0,1.0,1.3441769346349182,201.0
