max_dist,min_dist,max_init,min_init,div_factor_distances,div_factor_all_ratings
1.5441822035951587,0.10031862837977798,200.0,1.0,0.9058937782674702,201.27998311107984
