max_dist,min_dist,max_init,min_init,div_factor_distances,div_factor_all_ratings
1.679343801131728,0.04096638990734741,200.0,1.0,0.9195538468248843,201.27998311107984
