test_amount,MAP_10,MAP_25,Prec_10,Prec_25,NDCG_10,NDCG_25
25,0.05769,0.06400,0.01813,0.01179,0.08399,0.10889
