test_amount,MAP_10,MAP_25,Prec_10,Prec_25,NDCG_10,NDCG_25
25,0.05991,0.06748,0.01547,0.01158,0.08070,0.11045
