test_amount,MAP_10,MAP_25,Prec_10,Prec_25,NDCG_10,NDCG_25
25,0.03350,0.04159,0.01238,0.01082,0.05248,0.08498
