morning,afternoon,evening,night
0.17685,0.17723,0.17636,0.17774
0.59144,0.59013,0.58914,0.58869
0.69690,0.69694,0.69643,0.69490
0.04650,0.04680,0.04762,0.04758
0.81163,0.81167,0.81090,0.81177
0.05877,0.05870,0.05846,0.05865
0.55378,0.55400,0.55397,0.55415
0.57414,0.57377,0.57266,0.56925
