morning,afternoon,evening,night
0.17718,0.17706,0.17663,0.17842
0.59133,0.59019,0.58897,0.58833
0.69677,0.69690,0.69621,0.69456
0.04655,0.04666,0.04758,0.04735
0.81179,0.81162,0.81067,0.81176
0.05881,0.05867,0.05840,0.05862
0.55384,0.55398,0.55408,0.55423
0.57416,0.57346,0.57289,0.56831
