morning,afternoon,evening,night
0.17700,0.17767,0.17702,0.17823
0.59146,0.59040,0.58928,0.58847
0.69652,0.69627,0.69628,0.69390
0.04650,0.04695,0.04747,0.04694
0.81164,0.81151,0.81084,0.81160
0.05886,0.05865,0.05858,0.05849
0.55362,0.55394,0.55388,0.55417
0.57416,0.57380,0.57283,0.56794
