morning,afternoon,evening,night
0.17689,0.17698,0.17688,0.17791
0.59137,0.59034,0.58893,0.58865
0.69686,0.69706,0.69620,0.69425
0.04647,0.04706,0.04772,0.04708
0.81171,0.81157,0.81080,0.81164
0.05882,0.05883,0.05848,0.05861
0.55376,0.55399,0.55425,0.55407
0.57382,0.57371,0.57303,0.56852
