morning,afternoon,evening,night
0.17740,0.17729,0.17683,0.17804
0.59149,0.59031,0.58923,0.58877
0.69663,0.69650,0.69603,0.69462
0.04631,0.04677,0.04767,0.04738
0.81168,0.81153,0.81081,0.81169
0.05876,0.05871,0.05858,0.05858
0.55376,0.55381,0.55425,0.55403
0.57455,0.57312,0.57321,0.56893
